id,classe,diagnostico,fonte,url,magnificacao,coloracao,arquivo_imagem
acantocitos_001,acantocitos,,,,,Wright-Giemsa,
acantocitos_002,acantocitos,,,,,Wright-Giemsa,
acantocitos_003,acantocitos,,,,,Wright-Giemsa,
acantocitos_004,acantocitos,,,,,Wright-Giemsa,
acantocitos_005,acantocitos,,,,,Wright-Giemsa,
acantocitos_006,acantocitos,,,,,Wright-Giemsa,
acantocitos_007,acantocitos,,,,,Wright-Giemsa,
acantocitos_008,acantocitos,,,,,Wright-Giemsa,
acantocitos_009,acantocitos,,,,,Wright-Giemsa,
acantocitos_010,acantocitos,,,,,Wright-Giemsa,
acantocitos_011,acantocitos,,,,,Wright-Giemsa,
acantocitos_012,acantocitos,,,,,Wright-Giemsa,
acantocitos_013,acantocitos,,,,,Wright-Giemsa,
acantocitos_014,acantocitos,,,,,Wright-Giemsa,
acantocitos_015,acantocitos,,,,,Wright-Giemsa,
acantocitos_016,acantocitos,,,,,Wright-Giemsa,
acantocitos_017,acantocitos,,,,,Wright-Giemsa,
acantocitos_018,acantocitos,,,,,Wright-Giemsa,
acantocitos_019,acantocitos,,,,,Wright-Giemsa,
acantocitos_020,acantocitos,,,,,Wright-Giemsa,
anisocitose_001,anisocitose,,,,,Wright-Giemsa,
anisocitose_002,anisocitose,,,,,Wright-Giemsa,
anisocitose_003,anisocitose,,,,,Wright-Giemsa,
anisocitose_004,anisocitose,,,,,Wright-Giemsa,
anisocitose_005,anisocitose,,,,,Wright-Giemsa,
anisocitose_006,anisocitose,,,,,Wright-Giemsa,
anisocitose_007,anisocitose,,,,,Wright-Giemsa,
anisocitose_008,anisocitose,,,,,Wright-Giemsa,
anisocitose_009,anisocitose,,,,,Wright-Giemsa,
anisocitose_010,anisocitose,,,,,Wright-Giemsa,
anisocitose_011,anisocitose,,,,,Wright-Giemsa,
anisocitose_012,anisocitose,,,,,Wright-Giemsa,
anisocitose_013,anisocitose,,,,,Wright-Giemsa,
anisocitose_014,anisocitose,,,,,Wright-Giemsa,
anisocitose_015,anisocitose,,,,,Wright-Giemsa,
anisocitose_016,anisocitose,,,,,Wright-Giemsa,
anisocitose_017,anisocitose,,,,,Wright-Giemsa,
anisocitose_018,anisocitose,,,,,Wright-Giemsa,
anisocitose_019,anisocitose,,,,,Wright-Giemsa,
anisocitose_020,anisocitose,,,,,Wright-Giemsa,
codocitos_001,codocitos,,,,,Wright-Giemsa,
codocitos_002,codocitos,,,,,Wright-Giemsa,
codocitos_003,codocitos,,,,,Wright-Giemsa,
codocitos_004,codocitos,,,,,Wright-Giemsa,
codocitos_005,codocitos,,,,,Wright-Giemsa,
codocitos_006,codocitos,,,,,Wright-Giemsa,
codocitos_007,codocitos,,,,,Wright-Giemsa,
codocitos_008,codocitos,,,,,Wright-Giemsa,
codocitos_009,codocitos,,,,,Wright-Giemsa,
codocitos_010,codocitos,,,,,Wright-Giemsa,
codocitos_011,codocitos,,,,,Wright-Giemsa,
codocitos_012,codocitos,,,,,Wright-Giemsa,
codocitos_013,codocitos,,,,,Wright-Giemsa,
codocitos_014,codocitos,,,,,Wright-Giemsa,
codocitos_015,codocitos,,,,,Wright-Giemsa,
codocitos_016,codocitos,,,,,Wright-Giemsa,
codocitos_017,codocitos,,,,,Wright-Giemsa,
codocitos_018,codocitos,,,,,Wright-Giemsa,
codocitos_019,codocitos,,,,,Wright-Giemsa,
codocitos_020,codocitos,,,,,Wright-Giemsa,
dacriocitos_001,dacriocitos,,,,,Wright-Giemsa,
dacriocitos_002,dacriocitos,,,,,Wright-Giemsa,
dacriocitos_003,dacriocitos,,,,,Wright-Giemsa,
dacriocitos_004,dacriocitos,,,,,Wright-Giemsa,
dacriocitos_005,dacriocitos,,,,,Wright-Giemsa,
dacriocitos_006,dacriocitos,,,,,Wright-Giemsa,
dacriocitos_007,dacriocitos,,,,,Wright-Giemsa,
dacriocitos_008,dacriocitos,,,,,Wright-Giemsa,
dacriocitos_009,dacriocitos,,,,,Wright-Giemsa,
dacriocitos_010,dacriocitos,,,,,Wright-Giemsa,
dacriocitos_011,dacriocitos,,,,,Wright-Giemsa,
dacriocitos_012,dacriocitos,,,,,Wright-Giemsa,
dacriocitos_013,dacriocitos,,,,,Wright-Giemsa,
dacriocitos_014,dacriocitos,,,,,Wright-Giemsa,
dacriocitos_015,dacriocitos,,,,,Wright-Giemsa,
dacriocitos_016,dacriocitos,,,,,Wright-Giemsa,
dacriocitos_017,dacriocitos,,,,,Wright-Giemsa,
dacriocitos_018,dacriocitos,,,,,Wright-Giemsa,
dacriocitos_019,dacriocitos,,,,,Wright-Giemsa,
dacriocitos_020,dacriocitos,,,,,Wright-Giemsa,
drepanocitos_001,drepanocitos,,,,,Wright-Giemsa,
drepanocitos_002,drepanocitos,,,,,Wright-Giemsa,
drepanocitos_003,drepanocitos,,,,,Wright-Giemsa,
drepanocitos_004,drepanocitos,,,,,Wright-Giemsa,
drepanocitos_005,drepanocitos,,,,,Wright-Giemsa,
drepanocitos_006,drepanocitos,,,,,Wright-Giemsa,
drepanocitos_007,drepanocitos,,,,,Wright-Giemsa,
drepanocitos_008,drepanocitos,,,,,Wright-Giemsa,
drepanocitos_009,drepanocitos,,,,,Wright-Giemsa,
drepanocitos_010,drepanocitos,,,,,Wright-Giemsa,
drepanocitos_011,drepanocitos,,,,,Wright-Giemsa,
drepanocitos_012,drepanocitos,,,,,Wright-Giemsa,
drepanocitos_013,drepanocitos,,,,,Wright-Giemsa,
drepanocitos_014,drepanocitos,,,,,Wright-Giemsa,
drepanocitos_015,drepanocitos,,,,,Wright-Giemsa,
drepanocitos_016,drepanocitos,,,,,Wright-Giemsa,
drepanocitos_017,drepanocitos,,,,,Wright-Giemsa,
drepanocitos_018,drepanocitos,,,,,Wright-Giemsa,
drepanocitos_019,drepanocitos,,,,,Wright-Giemsa,
drepanocitos_020,drepanocitos,,,,,Wright-Giemsa,
eliptocitos_001,eliptocitos,,,,,Wright-Giemsa,
eliptocitos_002,eliptocitos,,,,,Wright-Giemsa,
eliptocitos_003,eliptocitos,,,,,Wright-Giemsa,
eliptocitos_004,eliptocitos,,,,,Wright-Giemsa,
eliptocitos_005,eliptocitos,,,,,Wright-Giemsa,
eliptocitos_006,eliptocitos,,,,,Wright-Giemsa,
eliptocitos_007,eliptocitos,,,,,Wright-Giemsa,
eliptocitos_008,eliptocitos,,,,,Wright-Giemsa,
eliptocitos_009,eliptocitos,,,,,Wright-Giemsa,
eliptocitos_010,eliptocitos,,,,,Wright-Giemsa,
eliptocitos_011,eliptocitos,,,,,Wright-Giemsa,
eliptocitos_012,eliptocitos,,,,,Wright-Giemsa,
eliptocitos_013,eliptocitos,,,,,Wright-Giemsa,
eliptocitos_014,eliptocitos,,,,,Wright-Giemsa,
eliptocitos_015,eliptocitos,,,,,Wright-Giemsa,
eliptocitos_016,eliptocitos,,,,,Wright-Giemsa,
eliptocitos_017,eliptocitos,,,,,Wright-Giemsa,
eliptocitos_018,eliptocitos,,,,,Wright-Giemsa,
eliptocitos_019,eliptocitos,,,,,Wright-Giemsa,
eliptocitos_020,eliptocitos,,,,,Wright-Giemsa,
estomatocitos_001,estomatocitos,,,,,Wright-Giemsa,
estomatocitos_002,estomatocitos,,,,,Wright-Giemsa,
estomatocitos_003,estomatocitos,,,,,Wright-Giemsa,
estomatocitos_004,estomatocitos,,,,,Wright-Giemsa,
estomatocitos_005,estomatocitos,,,,,Wright-Giemsa,
estomatocitos_006,estomatocitos,,,,,Wright-Giemsa,
estomatocitos_007,estomatocitos,,,,,Wright-Giemsa,
estomatocitos_008,estomatocitos,,,,,Wright-Giemsa,
estomatocitos_009,estomatocitos,,,,,Wright-Giemsa,
estomatocitos_010,estomatocitos,,,,,Wright-Giemsa,
estomatocitos_011,estomatocitos,,,,,Wright-Giemsa,
estomatocitos_012,estomatocitos,,,,,Wright-Giemsa,
estomatocitos_013,estomatocitos,,,,,Wright-Giemsa,
estomatocitos_014,estomatocitos,,,,,Wright-Giemsa,
estomatocitos_015,estomatocitos,,,,,Wright-Giemsa,
estomatocitos_016,estomatocitos,,,,,Wright-Giemsa,
estomatocitos_017,estomatocitos,,,,,Wright-Giemsa,
estomatocitos_018,estomatocitos,,,,,Wright-Giemsa,
estomatocitos_019,estomatocitos,,,,,Wright-Giemsa,
estomatocitos_020,estomatocitos,,,,,Wright-Giemsa,
esquizocitos_001,esquizocitos,,,,,Wright-Giemsa,
esquizocitos_002,esquizocitos,,,,,Wright-Giemsa,
esquizocitos_003,esquizocitos,,,,,Wright-Giemsa,
esquizocitos_004,esquizocitos,,,,,Wright-Giemsa,
esquizocitos_005,esquizocitos,,,,,Wright-Giemsa,
esquizocitos_006,esquizocitos,,,,,Wright-Giemsa,
esquizocitos_007,esquizocitos,,,,,Wright-Giemsa,
esquizocitos_008,esquizocitos,,,,,Wright-Giemsa,
esquizocitos_009,esquizocitos,,,,,Wright-Giemsa,
esquizocitos_010,esquizocitos,,,,,Wright-Giemsa,
esquizocitos_011,esquizocitos,,,,,Wright-Giemsa,
esquizocitos_012,esquizocitos,,,,,Wright-Giemsa,
esquizocitos_013,esquizocitos,,,,,Wright-Giemsa,
esquizocitos_014,esquizocitos,,,,,Wright-Giemsa,
esquizocitos_015,esquizocitos,,,,,Wright-Giemsa,
esquizocitos_016,esquizocitos,,,,,Wright-Giemsa,
esquizocitos_017,esquizocitos,,,,,Wright-Giemsa,
esquizocitos_018,esquizocitos,,,,,Wright-Giemsa,
esquizocitos_019,esquizocitos,,,,,Wright-Giemsa,
esquizocitos_020,esquizocitos,,,,,Wright-Giemsa,
hemacias_crenadas_001,hemacias_crenadas,,,,,Wright-Giemsa,
hemacias_crenadas_002,hemacias_crenadas,,,,,Wright-Giemsa,
hemacias_crenadas_003,hemacias_crenadas,,,,,Wright-Giemsa,
hemacias_crenadas_004,hemacias_crenadas,,,,,Wright-Giemsa,
hemacias_crenadas_005,hemacias_crenadas,,,,,Wright-Giemsa,
hemacias_crenadas_006,hemacias_crenadas,,,,,Wright-Giemsa,
hemacias_crenadas_007,hemacias_crenadas,,,,,Wright-Giemsa,
hemacias_crenadas_008,hemacias_crenadas,,,,,Wright-Giemsa,
hemacias_crenadas_009,hemacias_crenadas,,,,,Wright-Giemsa,
hemacias_crenadas_010,hemacias_crenadas,,,,,Wright-Giemsa,
hemacias_crenadas_011,hemacias_crenadas,,,,,Wright-Giemsa,
hemacias_crenadas_012,hemacias_crenadas,,,,,Wright-Giemsa,
hemacias_crenadas_013,hemacias_crenadas,,,,,Wright-Giemsa,
hemacias_crenadas_014,hemacias_crenadas,,,,,Wright-Giemsa,
hemacias_crenadas_015,hemacias_crenadas,,,,,Wright-Giemsa,
hemacias_crenadas_016,hemacias_crenadas,,,,,Wright-Giemsa,
hemacias_crenadas_017,hemacias_crenadas,,,,,Wright-Giemsa,
hemacias_crenadas_018,hemacias_crenadas,,,,,Wright-Giemsa,
hemacias_crenadas_019,hemacias_crenadas,,,,,Wright-Giemsa,
hemacias_crenadas_020,hemacias_crenadas,,,,,Wright-Giemsa,
hemacias_microciticas_001,hemacias_microciticas,,,,,Wright-Giemsa,
hemacias_microciticas_002,hemacias_microciticas,,,,,Wright-Giemsa,
hemacias_microciticas_003,hemacias_microciticas,,,,,Wright-Giemsa,
hemacias_microciticas_004,hemacias_microciticas,,,,,Wright-Giemsa,
hemacias_microciticas_005,hemacias_microciticas,,,,,Wright-Giemsa,
hemacias_microciticas_006,hemacias_microciticas,,,,,Wright-Giemsa,
hemacias_microciticas_007,hemacias_microciticas,,,,,Wright-Giemsa,
hemacias_microciticas_008,hemacias_microciticas,,,,,Wright-Giemsa,
hemacias_microciticas_009,hemacias_microciticas,,,,,Wright-Giemsa,
hemacias_microciticas_010,hemacias_microciticas,,,,,Wright-Giemsa,
hemacias_microciticas_011,hemacias_microciticas,,,,,Wright-Giemsa,
hemacias_microciticas_012,hemacias_microciticas,,,,,Wright-Giemsa,
hemacias_microciticas_013,hemacias_microciticas,,,,,Wright-Giemsa,
hemacias_microciticas_014,hemacias_microciticas,,,,,Wright-Giemsa,
hemacias_microciticas_015,hemacias_microciticas,,,,,Wright-Giemsa,
hemacias_microciticas_016,hemacias_microciticas,,,,,Wright-Giemsa,
hemacias_microciticas_017,hemacias_microciticas,,,,,Wright-Giemsa,
hemacias_microciticas_018,hemacias_microciticas,,,,,Wright-Giemsa,
hemacias_microciticas_019,hemacias_microciticas,,,,,Wright-Giemsa,
hemacias_microciticas_020,hemacias_microciticas,,,,,Wright-Giemsa,
hemacias_macrociticas_001,hemacias_macrociticas,,,,,Wright-Giemsa,
hemacias_macrociticas_002,hemacias_macrociticas,,,,,Wright-Giemsa,
hemacias_macrociticas_003,hemacias_macrociticas,,,,,Wright-Giemsa,
hemacias_macrociticas_004,hemacias_macrociticas,,,,,Wright-Giemsa,
hemacias_macrociticas_005,hemacias_macrociticas,,,,,Wright-Giemsa,
hemacias_macrociticas_006,hemacias_macrociticas,,,,,Wright-Giemsa,
hemacias_macrociticas_007,hemacias_macrociticas,,,,,Wright-Giemsa,
hemacias_macrociticas_008,hemacias_macrociticas,,,,,Wright-Giemsa,
hemacias_macrociticas_009,hemacias_macrociticas,,,,,Wright-Giemsa,
hemacias_macrociticas_010,hemacias_macrociticas,,,,,Wright-Giemsa,
hemacias_macrociticas_011,hemacias_macrociticas,,,,,Wright-Giemsa,
hemacias_macrociticas_012,hemacias_macrociticas,,,,,Wright-Giemsa,
hemacias_macrociticas_013,hemacias_macrociticas,,,,,Wright-Giemsa,
hemacias_macrociticas_014,hemacias_macrociticas,,,,,Wright-Giemsa,
hemacias_macrociticas_015,hemacias_macrociticas,,,,,Wright-Giemsa,
hemacias_macrociticas_016,hemacias_macrociticas,,,,,Wright-Giemsa,
hemacias_macrociticas_017,hemacias_macrociticas,,,,,Wright-Giemsa,
hemacias_macrociticas_018,hemacias_macrociticas,,,,,Wright-Giemsa,
hemacias_macrociticas_019,hemacias_macrociticas,,,,,Wright-Giemsa,
hemacias_macrociticas_020,hemacias_macrociticas,,,,,Wright-Giemsa,
rouleaux_001,rouleaux,,,,,Wright-Giemsa,
rouleaux_002,rouleaux,,,,,Wright-Giemsa,
rouleaux_003,rouleaux,,,,,Wright-Giemsa,
rouleaux_004,rouleaux,,,,,Wright-Giemsa,
rouleaux_005,rouleaux,,,,,Wright-Giemsa,
rouleaux_006,rouleaux,,,,,Wright-Giemsa,
rouleaux_007,rouleaux,,,,,Wright-Giemsa,
rouleaux_008,rouleaux,,,,,Wright-Giemsa,
rouleaux_009,rouleaux,,,,,Wright-Giemsa,
rouleaux_010,rouleaux,,,,,Wright-Giemsa,
rouleaux_011,rouleaux,,,,,Wright-Giemsa,
rouleaux_012,rouleaux,,,,,Wright-Giemsa,
rouleaux_013,rouleaux,,,,,Wright-Giemsa,
rouleaux_014,rouleaux,,,,,Wright-Giemsa,
rouleaux_015,rouleaux,,,,,Wright-Giemsa,
rouleaux_016,rouleaux,,,,,Wright-Giemsa,
rouleaux_017,rouleaux,,,,,Wright-Giemsa,
rouleaux_018,rouleaux,,,,,Wright-Giemsa,
rouleaux_019,rouleaux,,,,,Wright-Giemsa,
rouleaux_020,rouleaux,,,,,Wright-Giemsa,
ovalocitos_001,ovalocitos,,,,,Wright-Giemsa,
ovalocitos_002,ovalocitos,,,,,Wright-Giemsa,
ovalocitos_003,ovalocitos,,,,,Wright-Giemsa,
ovalocitos_004,ovalocitos,,,,,Wright-Giemsa,
ovalocitos_005,ovalocitos,,,,,Wright-Giemsa,
ovalocitos_006,ovalocitos,,,,,Wright-Giemsa,
ovalocitos_007,ovalocitos,,,,,Wright-Giemsa,
ovalocitos_008,ovalocitos,,,,,Wright-Giemsa,
ovalocitos_009,ovalocitos,,,,,Wright-Giemsa,
ovalocitos_010,ovalocitos,,,,,Wright-Giemsa,
ovalocitos_011,ovalocitos,,,,,Wright-Giemsa,
ovalocitos_012,ovalocitos,,,,,Wright-Giemsa,
ovalocitos_013,ovalocitos,,,,,Wright-Giemsa,
ovalocitos_014,ovalocitos,,,,,Wright-Giemsa,
ovalocitos_015,ovalocitos,,,,,Wright-Giemsa,
ovalocitos_016,ovalocitos,,,,,Wright-Giemsa,
ovalocitos_017,ovalocitos,,,,,Wright-Giemsa,
ovalocitos_018,ovalocitos,,,,,Wright-Giemsa,
ovalocitos_019,ovalocitos,,,,,Wright-Giemsa,
ovalocitos_020,ovalocitos,,,,,Wright-Giemsa,
poiquilocitose_001,poiquilocitose,,,,,Wright-Giemsa,
poiquilocitose_002,poiquilocitose,,,,,Wright-Giemsa,
poiquilocitose_003,poiquilocitose,,,,,Wright-Giemsa,
poiquilocitose_004,poiquilocitose,,,,,Wright-Giemsa,
poiquilocitose_005,poiquilocitose,,,,,Wright-Giemsa,
poiquilocitose_006,poiquilocitose,,,,,Wright-Giemsa,
poiquilocitose_007,poiquilocitose,,,,,Wright-Giemsa,
poiquilocitose_008,poiquilocitose,,,,,Wright-Giemsa,
poiquilocitose_009,poiquilocitose,,,,,Wright-Giemsa,
poiquilocitose_010,poiquilocitose,,,,,Wright-Giemsa,
poiquilocitose_011,poiquilocitose,,,,,Wright-Giemsa,
poiquilocitose_012,poiquilocitose,,,,,Wright-Giemsa,
poiquilocitose_013,poiquilocitose,,,,,Wright-Giemsa,
poiquilocitose_014,poiquilocitose,,,,,Wright-Giemsa,
poiquilocitose_015,poiquilocitose,,,,,Wright-Giemsa,
poiquilocitose_016,poiquilocitose,,,,,Wright-Giemsa,
poiquilocitose_017,poiquilocitose,,,,,Wright-Giemsa,
poiquilocitose_018,poiquilocitose,,,,,Wright-Giemsa,
poiquilocitose_019,poiquilocitose,,,,,Wright-Giemsa,
poiquilocitose_020,poiquilocitose,,,,,Wright-Giemsa,
policromasia_001,policromasia,,,,,Wright-Giemsa,
policromasia_002,policromasia,,,,,Wright-Giemsa,
policromasia_003,policromasia,,,,,Wright-Giemsa,
policromasia_004,policromasia,,,,,Wright-Giemsa,
policromasia_005,policromasia,,,,,Wright-Giemsa,
policromasia_006,policromasia,,,,,Wright-Giemsa,
policromasia_007,policromasia,,,,,Wright-Giemsa,
policromasia_008,policromasia,,,,,Wright-Giemsa,
policromasia_009,policromasia,,,,,Wright-Giemsa,
policromasia_010,policromasia,,,,,Wright-Giemsa,
policromasia_011,policromasia,,,,,Wright-Giemsa,
policromasia_012,policromasia,,,,,Wright-Giemsa,
policromasia_013,policromasia,,,,,Wright-Giemsa,
policromasia_014,policromasia,,,,,Wright-Giemsa,
policromasia_015,policromasia,,,,,Wright-Giemsa,
policromasia_016,policromasia,,,,,Wright-Giemsa,
policromasia_017,policromasia,,,,,Wright-Giemsa,
policromasia_018,policromasia,,,,,Wright-Giemsa,
policromasia_019,policromasia,,,,,Wright-Giemsa,
policromasia_020,policromasia,,,,,Wright-Giemsa,
pontilhado_basofilico_001,pontilhado_basofilico,,,,,Wright-Giemsa,
pontilhado_basofilico_002,pontilhado_basofilico,,,,,Wright-Giemsa,
pontilhado_basofilico_003,pontilhado_basofilico,,,,,Wright-Giemsa,
pontilhado_basofilico_004,pontilhado_basofilico,,,,,Wright-Giemsa,
pontilhado_basofilico_005,pontilhado_basofilico,,,,,Wright-Giemsa,
pontilhado_basofilico_006,pontilhado_basofilico,,,,,Wright-Giemsa,
pontilhado_basofilico_007,pontilhado_basofilico,,,,,Wright-Giemsa,
pontilhado_basofilico_008,pontilhado_basofilico,,,,,Wright-Giemsa,
pontilhado_basofilico_009,pontilhado_basofilico,,,,,Wright-Giemsa,
pontilhado_basofilico_010,pontilhado_basofilico,,,,,Wright-Giemsa,
pontilhado_basofilico_011,pontilhado_basofilico,,,,,Wright-Giemsa,
pontilhado_basofilico_012,pontilhado_basofilico,,,,,Wright-Giemsa,
pontilhado_basofilico_013,pontilhado_basofilico,,,,,Wright-Giemsa,
pontilhado_basofilico_014,pontilhado_basofilico,,,,,Wright-Giemsa,
pontilhado_basofilico_015,pontilhado_basofilico,,,,,Wright-Giemsa,
pontilhado_basofilico_016,pontilhado_basofilico,,,,,Wright-Giemsa,
pontilhado_basofilico_017,pontilhado_basofilico,,,,,Wright-Giemsa,
pontilhado_basofilico_018,pontilhado_basofilico,,,,,Wright-Giemsa,
pontilhado_basofilico_019,pontilhado_basofilico,,,,,Wright-Giemsa,
pontilhado_basofilico_020,pontilhado_basofilico,,,,,Wright-Giemsa,
howell_jolly_001,howell_jolly,,,,,Wright-Giemsa,
howell_jolly_002,howell_jolly,,,,,Wright-Giemsa,
howell_jolly_003,howell_jolly,,,,,Wright-Giemsa,
howell_jolly_004,howell_jolly,,,,,Wright-Giemsa,
howell_jolly_005,howell_jolly,,,,,Wright-Giemsa,
howell_jolly_006,howell_jolly,,,,,Wright-Giemsa,
howell_jolly_007,howell_jolly,,,,,Wright-Giemsa,
howell_jolly_008,howell_jolly,,,,,Wright-Giemsa,
howell_jolly_009,howell_jolly,,,,,Wright-Giemsa,
howell_jolly_010,howell_jolly,,,,,Wright-Giemsa,
howell_jolly_011,howell_jolly,,,,,Wright-Giemsa,
howell_jolly_012,howell_jolly,,,,,Wright-Giemsa,
howell_jolly_013,howell_jolly,,,,,Wright-Giemsa,
howell_jolly_014,howell_jolly,,,,,Wright-Giemsa,
howell_jolly_015,howell_jolly,,,,,Wright-Giemsa,
howell_jolly_016,howell_jolly,,,,,Wright-Giemsa,
howell_jolly_017,howell_jolly,,,,,Wright-Giemsa,
howell_jolly_018,howell_jolly,,,,,Wright-Giemsa,
howell_jolly_019,howell_jolly,,,,,Wright-Giemsa,
howell_jolly_020,howell_jolly,,,,,Wright-Giemsa,
plasmodium_vivax_001,plasmodium_vivax,,,,,Wright-Giemsa,
plasmodium_vivax_002,plasmodium_vivax,,,,,Wright-Giemsa,
plasmodium_vivax_003,plasmodium_vivax,,,,,Wright-Giemsa,
plasmodium_vivax_004,plasmodium_vivax,,,,,Wright-Giemsa,
plasmodium_vivax_005,plasmodium_vivax,,,,,Wright-Giemsa,
plasmodium_vivax_006,plasmodium_vivax,,,,,Wright-Giemsa,
plasmodium_vivax_007,plasmodium_vivax,,,,,Wright-Giemsa,
plasmodium_vivax_008,plasmodium_vivax,,,,,Wright-Giemsa,
plasmodium_vivax_009,plasmodium_vivax,,,,,Wright-Giemsa,
plasmodium_vivax_010,plasmodium_vivax,,,,,Wright-Giemsa,
plasmodium_vivax_011,plasmodium_vivax,,,,,Wright-Giemsa,
plasmodium_vivax_012,plasmodium_vivax,,,,,Wright-Giemsa,
plasmodium_vivax_013,plasmodium_vivax,,,,,Wright-Giemsa,
plasmodium_vivax_014,plasmodium_vivax,,,,,Wright-Giemsa,
plasmodium_vivax_015,plasmodium_vivax,,,,,Wright-Giemsa,
plasmodium_vivax_016,plasmodium_vivax,,,,,Wright-Giemsa,
plasmodium_vivax_017,plasmodium_vivax,,,,,Wright-Giemsa,
plasmodium_vivax_018,plasmodium_vivax,,,,,Wright-Giemsa,
plasmodium_vivax_019,plasmodium_vivax,,,,,Wright-Giemsa,
plasmodium_vivax_020,plasmodium_vivax,,,,,Wright-Giemsa,
plasmodium_falciparum_001,plasmodium_falciparum,,,,,Wright-Giemsa,
plasmodium_falciparum_002,plasmodium_falciparum,,,,,Wright-Giemsa,
plasmodium_falciparum_003,plasmodium_falciparum,,,,,Wright-Giemsa,
plasmodium_falciparum_004,plasmodium_falciparum,,,,,Wright-Giemsa,
plasmodium_falciparum_005,plasmodium_falciparum,,,,,Wright-Giemsa,
plasmodium_falciparum_006,plasmodium_falciparum,,,,,Wright-Giemsa,
plasmodium_falciparum_007,plasmodium_falciparum,,,,,Wright-Giemsa,
plasmodium_falciparum_008,plasmodium_falciparum,,,,,Wright-Giemsa,
plasmodium_falciparum_009,plasmodium_falciparum,,,,,Wright-Giemsa,
plasmodium_falciparum_010,plasmodium_falciparum,,,,,Wright-Giemsa,
plasmodium_falciparum_011,plasmodium_falciparum,,,,,Wright-Giemsa,
plasmodium_falciparum_012,plasmodium_falciparum,,,,,Wright-Giemsa,
plasmodium_falciparum_013,plasmodium_falciparum,,,,,Wright-Giemsa,
plasmodium_falciparum_014,plasmodium_falciparum,,,,,Wright-Giemsa,
plasmodium_falciparum_015,plasmodium_falciparum,,,,,Wright-Giemsa,
plasmodium_falciparum_016,plasmodium_falciparum,,,,,Wright-Giemsa,
plasmodium_falciparum_017,plasmodium_falciparum,,,,,Wright-Giemsa,
plasmodium_falciparum_018,plasmodium_falciparum,,,,,Wright-Giemsa,
plasmodium_falciparum_019,plasmodium_falciparum,,,,,Wright-Giemsa,
plasmodium_falciparum_020,plasmodium_falciparum,,,,,Wright-Giemsa,
trypanosoma_chagas_001,trypanosoma_chagas,,,,,Wright-Giemsa,
trypanosoma_chagas_002,trypanosoma_chagas,,,,,Wright-Giemsa,
trypanosoma_chagas_003,trypanosoma_chagas,,,,,Wright-Giemsa,
trypanosoma_chagas_004,trypanosoma_chagas,,,,,Wright-Giemsa,
trypanosoma_chagas_005,trypanosoma_chagas,,,,,Wright-Giemsa,
trypanosoma_chagas_006,trypanosoma_chagas,,,,,Wright-Giemsa,
trypanosoma_chagas_007,trypanosoma_chagas,,,,,Wright-Giemsa,
trypanosoma_chagas_008,trypanosoma_chagas,,,,,Wright-Giemsa,
trypanosoma_chagas_009,trypanosoma_chagas,,,,,Wright-Giemsa,
trypanosoma_chagas_010,trypanosoma_chagas,,,,,Wright-Giemsa,
trypanosoma_chagas_011,trypanosoma_chagas,,,,,Wright-Giemsa,
trypanosoma_chagas_012,trypanosoma_chagas,,,,,Wright-Giemsa,
trypanosoma_chagas_013,trypanosoma_chagas,,,,,Wright-Giemsa,
trypanosoma_chagas_014,trypanosoma_chagas,,,,,Wright-Giemsa,
trypanosoma_chagas_015,trypanosoma_chagas,,,,,Wright-Giemsa,
trypanosoma_chagas_016,trypanosoma_chagas,,,,,Wright-Giemsa,
trypanosoma_chagas_017,trypanosoma_chagas,,,,,Wright-Giemsa,
trypanosoma_chagas_018,trypanosoma_chagas,,,,,Wright-Giemsa,
trypanosoma_chagas_019,trypanosoma_chagas,,,,,Wright-Giemsa,
trypanosoma_chagas_020,trypanosoma_chagas,,,,,Wright-Giemsa,
linfocito_atipico_001,linfocito_atipico,,,,,Wright-Giemsa,
linfocito_atipico_002,linfocito_atipico,,,,,Wright-Giemsa,
linfocito_atipico_003,linfocito_atipico,,,,,Wright-Giemsa,
linfocito_atipico_004,linfocito_atipico,,,,,Wright-Giemsa,
linfocito_atipico_005,linfocito_atipico,,,,,Wright-Giemsa,
linfocito_atipico_006,linfocito_atipico,,,,,Wright-Giemsa,
linfocito_atipico_007,linfocito_atipico,,,,,Wright-Giemsa,
linfocito_atipico_008,linfocito_atipico,,,,,Wright-Giemsa,
linfocito_atipico_009,linfocito_atipico,,,,,Wright-Giemsa,
linfocito_atipico_010,linfocito_atipico,,,,,Wright-Giemsa,
linfocito_atipico_011,linfocito_atipico,,,,,Wright-Giemsa,
linfocito_atipico_012,linfocito_atipico,,,,,Wright-Giemsa,
linfocito_atipico_013,linfocito_atipico,,,,,Wright-Giemsa,
linfocito_atipico_014,linfocito_atipico,,,,,Wright-Giemsa,
linfocito_atipico_015,linfocito_atipico,,,,,Wright-Giemsa,
linfocito_atipico_016,linfocito_atipico,,,,,Wright-Giemsa,
linfocito_atipico_017,linfocito_atipico,,,,,Wright-Giemsa,
linfocito_atipico_018,linfocito_atipico,,,,,Wright-Giemsa,
linfocito_atipico_019,linfocito_atipico,,,,,Wright-Giemsa,
linfocito_atipico_020,linfocito_atipico,,,,,Wright-Giemsa,
granulacoes_toxicas_001,granulacoes_toxicas,,,,,Wright-Giemsa,
granulacoes_toxicas_002,granulacoes_toxicas,,,,,Wright-Giemsa,
granulacoes_toxicas_003,granulacoes_toxicas,,,,,Wright-Giemsa,
granulacoes_toxicas_004,granulacoes_toxicas,,,,,Wright-Giemsa,
granulacoes_toxicas_005,granulacoes_toxicas,,,,,Wright-Giemsa,
granulacoes_toxicas_006,granulacoes_toxicas,,,,,Wright-Giemsa,
granulacoes_toxicas_007,granulacoes_toxicas,,,,,Wright-Giemsa,
granulacoes_toxicas_008,granulacoes_toxicas,,,,,Wright-Giemsa,
granulacoes_toxicas_009,granulacoes_toxicas,,,,,Wright-Giemsa,
granulacoes_toxicas_010,granulacoes_toxicas,,,,,Wright-Giemsa,
granulacoes_toxicas_011,granulacoes_toxicas,,,,,Wright-Giemsa,
granulacoes_toxicas_012,granulacoes_toxicas,,,,,Wright-Giemsa,
granulacoes_toxicas_013,granulacoes_toxicas,,,,,Wright-Giemsa,
granulacoes_toxicas_014,granulacoes_toxicas,,,,,Wright-Giemsa,
granulacoes_toxicas_015,granulacoes_toxicas,,,,,Wright-Giemsa,
granulacoes_toxicas_016,granulacoes_toxicas,,,,,Wright-Giemsa,
granulacoes_toxicas_017,granulacoes_toxicas,,,,,Wright-Giemsa,
granulacoes_toxicas_018,granulacoes_toxicas,,,,,Wright-Giemsa,
granulacoes_toxicas_019,granulacoes_toxicas,,,,,Wright-Giemsa,
granulacoes_toxicas_020,granulacoes_toxicas,,,,,Wright-Giemsa,
manchas_gumprecht_001,manchas_gumprecht,,,,,Wright-Giemsa,
manchas_gumprecht_002,manchas_gumprecht,,,,,Wright-Giemsa,
manchas_gumprecht_003,manchas_gumprecht,,,,,Wright-Giemsa,
manchas_gumprecht_004,manchas_gumprecht,,,,,Wright-Giemsa,
manchas_gumprecht_005,manchas_gumprecht,,,,,Wright-Giemsa,
manchas_gumprecht_006,manchas_gumprecht,,,,,Wright-Giemsa,
manchas_gumprecht_007,manchas_gumprecht,,,,,Wright-Giemsa,
manchas_gumprecht_008,manchas_gumprecht,,,,,Wright-Giemsa,
manchas_gumprecht_009,manchas_gumprecht,,,,,Wright-Giemsa,
manchas_gumprecht_010,manchas_gumprecht,,,,,Wright-Giemsa,
manchas_gumprecht_011,manchas_gumprecht,,,,,Wright-Giemsa,
manchas_gumprecht_012,manchas_gumprecht,,,,,Wright-Giemsa,
manchas_gumprecht_013,manchas_gumprecht,,,,,Wright-Giemsa,
manchas_gumprecht_014,manchas_gumprecht,,,,,Wright-Giemsa,
manchas_gumprecht_015,manchas_gumprecht,,,,,Wright-Giemsa,
manchas_gumprecht_016,manchas_gumprecht,,,,,Wright-Giemsa,
manchas_gumprecht_017,manchas_gumprecht,,,,,Wright-Giemsa,
manchas_gumprecht_018,manchas_gumprecht,,,,,Wright-Giemsa,
manchas_gumprecht_019,manchas_gumprecht,,,,,Wright-Giemsa,
manchas_gumprecht_020,manchas_gumprecht,,,,,Wright-Giemsa,
monocitos_vacuolizados_001,monocitos_vacuolizados,,,,,Wright-Giemsa,
monocitos_vacuolizados_002,monocitos_vacuolizados,,,,,Wright-Giemsa,
monocitos_vacuolizados_003,monocitos_vacuolizados,,,,,Wright-Giemsa,
monocitos_vacuolizados_004,monocitos_vacuolizados,,,,,Wright-Giemsa,
monocitos_vacuolizados_005,monocitos_vacuolizados,,,,,Wright-Giemsa,
monocitos_vacuolizados_006,monocitos_vacuolizados,,,,,Wright-Giemsa,
monocitos_vacuolizados_007,monocitos_vacuolizados,,,,,Wright-Giemsa,
monocitos_vacuolizados_008,monocitos_vacuolizados,,,,,Wright-Giemsa,
monocitos_vacuolizados_009,monocitos_vacuolizados,,,,,Wright-Giemsa,
monocitos_vacuolizados_010,monocitos_vacuolizados,,,,,Wright-Giemsa,
monocitos_vacuolizados_011,monocitos_vacuolizados,,,,,Wright-Giemsa,
monocitos_vacuolizados_012,monocitos_vacuolizados,,,,,Wright-Giemsa,
monocitos_vacuolizados_013,monocitos_vacuolizados,,,,,Wright-Giemsa,
monocitos_vacuolizados_014,monocitos_vacuolizados,,,,,Wright-Giemsa,
monocitos_vacuolizados_015,monocitos_vacuolizados,,,,,Wright-Giemsa,
monocitos_vacuolizados_016,monocitos_vacuolizados,,,,,Wright-Giemsa,
monocitos_vacuolizados_017,monocitos_vacuolizados,,,,,Wright-Giemsa,
monocitos_vacuolizados_018,monocitos_vacuolizados,,,,,Wright-Giemsa,
monocitos_vacuolizados_019,monocitos_vacuolizados,,,,,Wright-Giemsa,
monocitos_vacuolizados_020,monocitos_vacuolizados,,,,,Wright-Giemsa,
flower_cell_001,flower_cell,,,,,Wright-Giemsa,
flower_cell_002,flower_cell,,,,,Wright-Giemsa,
flower_cell_003,flower_cell,,,,,Wright-Giemsa,
flower_cell_004,flower_cell,,,,,Wright-Giemsa,
flower_cell_005,flower_cell,,,,,Wright-Giemsa,
flower_cell_006,flower_cell,,,,,Wright-Giemsa,
flower_cell_007,flower_cell,,,,,Wright-Giemsa,
flower_cell_008,flower_cell,,,,,Wright-Giemsa,
flower_cell_009,flower_cell,,,,,Wright-Giemsa,
flower_cell_010,flower_cell,,,,,Wright-Giemsa,
flower_cell_011,flower_cell,,,,,Wright-Giemsa,
flower_cell_012,flower_cell,,,,,Wright-Giemsa,
flower_cell_013,flower_cell,,,,,Wright-Giemsa,
flower_cell_014,flower_cell,,,,,Wright-Giemsa,
flower_cell_015,flower_cell,,,,,Wright-Giemsa,
flower_cell_016,flower_cell,,,,,Wright-Giemsa,
flower_cell_017,flower_cell,,,,,Wright-Giemsa,
flower_cell_018,flower_cell,,,,,Wright-Giemsa,
flower_cell_019,flower_cell,,,,,Wright-Giemsa,
flower_cell_020,flower_cell,,,,,Wright-Giemsa,
hairy_cells_001,hairy_cells,,,,,Wright-Giemsa,
hairy_cells_002,hairy_cells,,,,,Wright-Giemsa,
hairy_cells_003,hairy_cells,,,,,Wright-Giemsa,
hairy_cells_004,hairy_cells,,,,,Wright-Giemsa,
hairy_cells_005,hairy_cells,,,,,Wright-Giemsa,
hairy_cells_006,hairy_cells,,,,,Wright-Giemsa,
hairy_cells_007,hairy_cells,,,,,Wright-Giemsa,
hairy_cells_008,hairy_cells,,,,,Wright-Giemsa,
hairy_cells_009,hairy_cells,,,,,Wright-Giemsa,
hairy_cells_010,hairy_cells,,,,,Wright-Giemsa,
hairy_cells_011,hairy_cells,,,,,Wright-Giemsa,
hairy_cells_012,hairy_cells,,,,,Wright-Giemsa,
hairy_cells_013,hairy_cells,,,,,Wright-Giemsa,
hairy_cells_014,hairy_cells,,,,,Wright-Giemsa,
hairy_cells_015,hairy_cells,,,,,Wright-Giemsa,
hairy_cells_016,hairy_cells,,,,,Wright-Giemsa,
hairy_cells_017,hairy_cells,,,,,Wright-Giemsa,
hairy_cells_018,hairy_cells,,,,,Wright-Giemsa,
hairy_cells_019,hairy_cells,,,,,Wright-Giemsa,
hairy_cells_020,hairy_cells,,,,,Wright-Giemsa,
neutrofilos_hipersegmentados_001,neutrofilos_hipersegmentados,,,,,Wright-Giemsa,
neutrofilos_hipersegmentados_002,neutrofilos_hipersegmentados,,,,,Wright-Giemsa,
neutrofilos_hipersegmentados_003,neutrofilos_hipersegmentados,,,,,Wright-Giemsa,
neutrofilos_hipersegmentados_004,neutrofilos_hipersegmentados,,,,,Wright-Giemsa,
neutrofilos_hipersegmentados_005,neutrofilos_hipersegmentados,,,,,Wright-Giemsa,
neutrofilos_hipersegmentados_006,neutrofilos_hipersegmentados,,,,,Wright-Giemsa,
neutrofilos_hipersegmentados_007,neutrofilos_hipersegmentados,,,,,Wright-Giemsa,
neutrofilos_hipersegmentados_008,neutrofilos_hipersegmentados,,,,,Wright-Giemsa,
neutrofilos_hipersegmentados_009,neutrofilos_hipersegmentados,,,,,Wright-Giemsa,
neutrofilos_hipersegmentados_010,neutrofilos_hipersegmentados,,,,,Wright-Giemsa,
neutrofilos_hipersegmentados_011,neutrofilos_hipersegmentados,,,,,Wright-Giemsa,
neutrofilos_hipersegmentados_012,neutrofilos_hipersegmentados,,,,,Wright-Giemsa,
neutrofilos_hipersegmentados_013,neutrofilos_hipersegmentados,,,,,Wright-Giemsa,
neutrofilos_hipersegmentados_014,neutrofilos_hipersegmentados,,,,,Wright-Giemsa,
neutrofilos_hipersegmentados_015,neutrofilos_hipersegmentados,,,,,Wright-Giemsa,
neutrofilos_hipersegmentados_016,neutrofilos_hipersegmentados,,,,,Wright-Giemsa,
neutrofilos_hipersegmentados_017,neutrofilos_hipersegmentados,,,,,Wright-Giemsa,
neutrofilos_hipersegmentados_018,neutrofilos_hipersegmentados,,,,,Wright-Giemsa,
neutrofilos_hipersegmentados_019,neutrofilos_hipersegmentados,,,,,Wright-Giemsa,
neutrofilos_hipersegmentados_020,neutrofilos_hipersegmentados,,,,,Wright-Giemsa,
agregacao_plaquetaria_001,agregacao_plaquetaria,,,,,Wright-Giemsa,
agregacao_plaquetaria_002,agregacao_plaquetaria,,,,,Wright-Giemsa,
agregacao_plaquetaria_003,agregacao_plaquetaria,,,,,Wright-Giemsa,
agregacao_plaquetaria_004,agregacao_plaquetaria,,,,,Wright-Giemsa,
agregacao_plaquetaria_005,agregacao_plaquetaria,,,,,Wright-Giemsa,
agregacao_plaquetaria_006,agregacao_plaquetaria,,,,,Wright-Giemsa,
agregacao_plaquetaria_007,agregacao_plaquetaria,,,,,Wright-Giemsa,
agregacao_plaquetaria_008,agregacao_plaquetaria,,,,,Wright-Giemsa,
agregacao_plaquetaria_009,agregacao_plaquetaria,,,,,Wright-Giemsa,
agregacao_plaquetaria_010,agregacao_plaquetaria,,,,,Wright-Giemsa,
agregacao_plaquetaria_011,agregacao_plaquetaria,,,,,Wright-Giemsa,
agregacao_plaquetaria_012,agregacao_plaquetaria,,,,,Wright-Giemsa,
agregacao_plaquetaria_013,agregacao_plaquetaria,,,,,Wright-Giemsa,
agregacao_plaquetaria_014,agregacao_plaquetaria,,,,,Wright-Giemsa,
agregacao_plaquetaria_015,agregacao_plaquetaria,,,,,Wright-Giemsa,
agregacao_plaquetaria_016,agregacao_plaquetaria,,,,,Wright-Giemsa,
agregacao_plaquetaria_017,agregacao_plaquetaria,,,,,Wright-Giemsa,
agregacao_plaquetaria_018,agregacao_plaquetaria,,,,,Wright-Giemsa,
agregacao_plaquetaria_019,agregacao_plaquetaria,,,,,Wright-Giemsa,
agregacao_plaquetaria_020,agregacao_plaquetaria,,,,,Wright-Giemsa,
macroplaquetas_001,macroplaquetas,,,,,Wright-Giemsa,
macroplaquetas_002,macroplaquetas,,,,,Wright-Giemsa,
macroplaquetas_003,macroplaquetas,,,,,Wright-Giemsa,
macroplaquetas_004,macroplaquetas,,,,,Wright-Giemsa,
macroplaquetas_005,macroplaquetas,,,,,Wright-Giemsa,
macroplaquetas_006,macroplaquetas,,,,,Wright-Giemsa,
macroplaquetas_007,macroplaquetas,,,,,Wright-Giemsa,
macroplaquetas_008,macroplaquetas,,,,,Wright-Giemsa,
macroplaquetas_009,macroplaquetas,,,,,Wright-Giemsa,
macroplaquetas_010,macroplaquetas,,,,,Wright-Giemsa,
macroplaquetas_011,macroplaquetas,,,,,Wright-Giemsa,
macroplaquetas_012,macroplaquetas,,,,,Wright-Giemsa,
macroplaquetas_013,macroplaquetas,,,,,Wright-Giemsa,
macroplaquetas_014,macroplaquetas,,,,,Wright-Giemsa,
macroplaquetas_015,macroplaquetas,,,,,Wright-Giemsa,
macroplaquetas_016,macroplaquetas,,,,,Wright-Giemsa,
macroplaquetas_017,macroplaquetas,,,,,Wright-Giemsa,
macroplaquetas_018,macroplaquetas,,,,,Wright-Giemsa,
macroplaquetas_019,macroplaquetas,,,,,Wright-Giemsa,
macroplaquetas_020,macroplaquetas,,,,,Wright-Giemsa,
llc_001,llc,,,,,Wright-Giemsa,
llc_002,llc,,,,,Wright-Giemsa,
llc_003,llc,,,,,Wright-Giemsa,
llc_004,llc,,,,,Wright-Giemsa,
llc_005,llc,,,,,Wright-Giemsa,
llc_006,llc,,,,,Wright-Giemsa,
llc_007,llc,,,,,Wright-Giemsa,
llc_008,llc,,,,,Wright-Giemsa,
llc_009,llc,,,,,Wright-Giemsa,
llc_010,llc,,,,,Wright-Giemsa,
llc_011,llc,,,,,Wright-Giemsa,
llc_012,llc,,,,,Wright-Giemsa,
llc_013,llc,,,,,Wright-Giemsa,
llc_014,llc,,,,,Wright-Giemsa,
llc_015,llc,,,,,Wright-Giemsa,
llc_016,llc,,,,,Wright-Giemsa,
llc_017,llc,,,,,Wright-Giemsa,
llc_018,llc,,,,,Wright-Giemsa,
llc_019,llc,,,,,Wright-Giemsa,
llc_020,llc,,,,,Wright-Giemsa,
lla_001,lla,,,,,Wright-Giemsa,
lla_002,lla,,,,,Wright-Giemsa,
lla_003,lla,,,,,Wright-Giemsa,
lla_004,lla,,,,,Wright-Giemsa,
lla_005,lla,,,,,Wright-Giemsa,
lla_006,lla,,,,,Wright-Giemsa,
lla_007,lla,,,,,Wright-Giemsa,
lla_008,lla,,,,,Wright-Giemsa,
lla_009,lla,,,,,Wright-Giemsa,
lla_010,lla,,,,,Wright-Giemsa,
lla_011,lla,,,,,Wright-Giemsa,
lla_012,lla,,,,,Wright-Giemsa,
lla_013,lla,,,,,Wright-Giemsa,
lla_014,lla,,,,,Wright-Giemsa,
lla_015,lla,,,,,Wright-Giemsa,
lla_016,lla,,,,,Wright-Giemsa,
lla_017,lla,,,,,Wright-Giemsa,
lla_018,lla,,,,,Wright-Giemsa,
lla_019,lla,,,,,Wright-Giemsa,
lla_020,lla,,,,,Wright-Giemsa,
lmc_001,lmc,,,,,Wright-Giemsa,
lmc_002,lmc,,,,,Wright-Giemsa,
lmc_003,lmc,,,,,Wright-Giemsa,
lmc_004,lmc,,,,,Wright-Giemsa,
lmc_005,lmc,,,,,Wright-Giemsa,
lmc_006,lmc,,,,,Wright-Giemsa,
lmc_007,lmc,,,,,Wright-Giemsa,
lmc_008,lmc,,,,,Wright-Giemsa,
lmc_009,lmc,,,,,Wright-Giemsa,
lmc_010,lmc,,,,,Wright-Giemsa,
lmc_011,lmc,,,,,Wright-Giemsa,
lmc_012,lmc,,,,,Wright-Giemsa,
lmc_013,lmc,,,,,Wright-Giemsa,
lmc_014,lmc,,,,,Wright-Giemsa,
lmc_015,lmc,,,,,Wright-Giemsa,
lmc_016,lmc,,,,,Wright-Giemsa,
lmc_017,lmc,,,,,Wright-Giemsa,
lmc_018,lmc,,,,,Wright-Giemsa,
lmc_019,lmc,,,,,Wright-Giemsa,
lmc_020,lmc,,,,,Wright-Giemsa,
lma_m2_001,lma_m2,,,,,Wright-Giemsa,
lma_m2_002,lma_m2,,,,,Wright-Giemsa,
lma_m2_003,lma_m2,,,,,Wright-Giemsa,
lma_m2_004,lma_m2,,,,,Wright-Giemsa,
lma_m2_005,lma_m2,,,,,Wright-Giemsa,
lma_m2_006,lma_m2,,,,,Wright-Giemsa,
lma_m2_007,lma_m2,,,,,Wright-Giemsa,
lma_m2_008,lma_m2,,,,,Wright-Giemsa,
lma_m2_009,lma_m2,,,,,Wright-Giemsa,
lma_m2_010,lma_m2,,,,,Wright-Giemsa,
lma_m2_011,lma_m2,,,,,Wright-Giemsa,
lma_m2_012,lma_m2,,,,,Wright-Giemsa,
lma_m2_013,lma_m2,,,,,Wright-Giemsa,
lma_m2_014,lma_m2,,,,,Wright-Giemsa,
lma_m2_015,lma_m2,,,,,Wright-Giemsa,
lma_m2_016,lma_m2,,,,,Wright-Giemsa,
lma_m2_017,lma_m2,,,,,Wright-Giemsa,
lma_m2_018,lma_m2,,,,,Wright-Giemsa,
lma_m2_019,lma_m2,,,,,Wright-Giemsa,
lma_m2_020,lma_m2,,,,,Wright-Giemsa,
lma_m3_001,lma_m3,,,,,Wright-Giemsa,
lma_m3_002,lma_m3,,,,,Wright-Giemsa,
lma_m3_003,lma_m3,,,,,Wright-Giemsa,
lma_m3_004,lma_m3,,,,,Wright-Giemsa,
lma_m3_005,lma_m3,,,,,Wright-Giemsa,
lma_m3_006,lma_m3,,,,,Wright-Giemsa,
lma_m3_007,lma_m3,,,,,Wright-Giemsa,
lma_m3_008,lma_m3,,,,,Wright-Giemsa,
lma_m3_009,lma_m3,,,,,Wright-Giemsa,
lma_m3_010,lma_m3,,,,,Wright-Giemsa,
lma_m3_011,lma_m3,,,,,Wright-Giemsa,
lma_m3_012,lma_m3,,,,,Wright-Giemsa,
lma_m3_013,lma_m3,,,,,Wright-Giemsa,
lma_m3_014,lma_m3,,,,,Wright-Giemsa,
lma_m3_015,lma_m3,,,,,Wright-Giemsa,
lma_m3_016,lma_m3,,,,,Wright-Giemsa,
lma_m3_017,lma_m3,,,,,Wright-Giemsa,
lma_m3_018,lma_m3,,,,,Wright-Giemsa,
lma_m3_019,lma_m3,,,,,Wright-Giemsa,
lma_m3_020,lma_m3,,,,,Wright-Giemsa,
lma_m4_001,lma_m4,,,,,Wright-Giemsa,
lma_m4_002,lma_m4,,,,,Wright-Giemsa,
lma_m4_003,lma_m4,,,,,Wright-Giemsa,
lma_m4_004,lma_m4,,,,,Wright-Giemsa,
lma_m4_005,lma_m4,,,,,Wright-Giemsa,
lma_m4_006,lma_m4,,,,,Wright-Giemsa,
lma_m4_007,lma_m4,,,,,Wright-Giemsa,
lma_m4_008,lma_m4,,,,,Wright-Giemsa,
lma_m4_009,lma_m4,,,,,Wright-Giemsa,
lma_m4_010,lma_m4,,,,,Wright-Giemsa,
lma_m4_011,lma_m4,,,,,Wright-Giemsa,
lma_m4_012,lma_m4,,,,,Wright-Giemsa,
lma_m4_013,lma_m4,,,,,Wright-Giemsa,
lma_m4_014,lma_m4,,,,,Wright-Giemsa,
lma_m4_015,lma_m4,,,,,Wright-Giemsa,
lma_m4_016,lma_m4,,,,,Wright-Giemsa,
lma_m4_017,lma_m4,,,,,Wright-Giemsa,
lma_m4_018,lma_m4,,,,,Wright-Giemsa,
lma_m4_019,lma_m4,,,,,Wright-Giemsa,
lma_m4_020,lma_m4,,,,,Wright-Giemsa,
lma_m4_eosinofilica_001,lma_m4_eosinofilica,,,,,Wright-Giemsa,
lma_m4_eosinofilica_002,lma_m4_eosinofilica,,,,,Wright-Giemsa,
lma_m4_eosinofilica_003,lma_m4_eosinofilica,,,,,Wright-Giemsa,
lma_m4_eosinofilica_004,lma_m4_eosinofilica,,,,,Wright-Giemsa,
lma_m4_eosinofilica_005,lma_m4_eosinofilica,,,,,Wright-Giemsa,
lma_m4_eosinofilica_006,lma_m4_eosinofilica,,,,,Wright-Giemsa,
lma_m4_eosinofilica_007,lma_m4_eosinofilica,,,,,Wright-Giemsa,
lma_m4_eosinofilica_008,lma_m4_eosinofilica,,,,,Wright-Giemsa,
lma_m4_eosinofilica_009,lma_m4_eosinofilica,,,,,Wright-Giemsa,
lma_m4_eosinofilica_010,lma_m4_eosinofilica,,,,,Wright-Giemsa,
lma_m4_eosinofilica_011,lma_m4_eosinofilica,,,,,Wright-Giemsa,
lma_m4_eosinofilica_012,lma_m4_eosinofilica,,,,,Wright-Giemsa,
lma_m4_eosinofilica_013,lma_m4_eosinofilica,,,,,Wright-Giemsa,
lma_m4_eosinofilica_014,lma_m4_eosinofilica,,,,,Wright-Giemsa,
lma_m4_eosinofilica_015,lma_m4_eosinofilica,,,,,Wright-Giemsa,
lma_m4_eosinofilica_016,lma_m4_eosinofilica,,,,,Wright-Giemsa,
lma_m4_eosinofilica_017,lma_m4_eosinofilica,,,,,Wright-Giemsa,
lma_m4_eosinofilica_018,lma_m4_eosinofilica,,,,,Wright-Giemsa,
lma_m4_eosinofilica_019,lma_m4_eosinofilica,,,,,Wright-Giemsa,
lma_m4_eosinofilica_020,lma_m4_eosinofilica,,,,,Wright-Giemsa,
leucemia_prolinfocitica_001,leucemia_prolinfocitica,,,,,Wright-Giemsa,
leucemia_prolinfocitica_002,leucemia_prolinfocitica,,,,,Wright-Giemsa,
leucemia_prolinfocitica_003,leucemia_prolinfocitica,,,,,Wright-Giemsa,
leucemia_prolinfocitica_004,leucemia_prolinfocitica,,,,,Wright-Giemsa,
leucemia_prolinfocitica_005,leucemia_prolinfocitica,,,,,Wright-Giemsa,
leucemia_prolinfocitica_006,leucemia_prolinfocitica,,,,,Wright-Giemsa,
leucemia_prolinfocitica_007,leucemia_prolinfocitica,,,,,Wright-Giemsa,
leucemia_prolinfocitica_008,leucemia_prolinfocitica,,,,,Wright-Giemsa,
leucemia_prolinfocitica_009,leucemia_prolinfocitica,,,,,Wright-Giemsa,
leucemia_prolinfocitica_010,leucemia_prolinfocitica,,,,,Wright-Giemsa,
leucemia_prolinfocitica_011,leucemia_prolinfocitica,,,,,Wright-Giemsa,
leucemia_prolinfocitica_012,leucemia_prolinfocitica,,,,,Wright-Giemsa,
leucemia_prolinfocitica_013,leucemia_prolinfocitica,,,,,Wright-Giemsa,
leucemia_prolinfocitica_014,leucemia_prolinfocitica,,,,,Wright-Giemsa,
leucemia_prolinfocitica_015,leucemia_prolinfocitica,,,,,Wright-Giemsa,
leucemia_prolinfocitica_016,leucemia_prolinfocitica,,,,,Wright-Giemsa,
leucemia_prolinfocitica_017,leucemia_prolinfocitica,,,,,Wright-Giemsa,
leucemia_prolinfocitica_018,leucemia_prolinfocitica,,,,,Wright-Giemsa,
leucemia_prolinfocitica_019,leucemia_prolinfocitica,,,,,Wright-Giemsa,
leucemia_prolinfocitica_020,leucemia_prolinfocitica,,,,,Wright-Giemsa,
linfoma_001,linfoma,,,,,Wright-Giemsa,
linfoma_002,linfoma,,,,,Wright-Giemsa,
linfoma_003,linfoma,,,,,Wright-Giemsa,
linfoma_004,linfoma,,,,,Wright-Giemsa,
linfoma_005,linfoma,,,,,Wright-Giemsa,
linfoma_006,linfoma,,,,,Wright-Giemsa,
linfoma_007,linfoma,,,,,Wright-Giemsa,
linfoma_008,linfoma,,,,,Wright-Giemsa,
linfoma_009,linfoma,,,,,Wright-Giemsa,
linfoma_010,linfoma,,,,,Wright-Giemsa,
linfoma_011,linfoma,,,,,Wright-Giemsa,
linfoma_012,linfoma,,,,,Wright-Giemsa,
linfoma_013,linfoma,,,,,Wright-Giemsa,
linfoma_014,linfoma,,,,,Wright-Giemsa,
linfoma_015,linfoma,,,,,Wright-Giemsa,
linfoma_016,linfoma,,,,,Wright-Giemsa,
linfoma_017,linfoma,,,,,Wright-Giemsa,
linfoma_018,linfoma,,,,,Wright-Giemsa,
linfoma_019,linfoma,,,,,Wright-Giemsa,
linfoma_020,linfoma,,,,,Wright-Giemsa,
mieloma_multiplo_001,mieloma_multiplo,,,,,Wright-Giemsa,
mieloma_multiplo_002,mieloma_multiplo,,,,,Wright-Giemsa,
mieloma_multiplo_003,mieloma_multiplo,,,,,Wright-Giemsa,
mieloma_multiplo_004,mieloma_multiplo,,,,,Wright-Giemsa,
mieloma_multiplo_005,mieloma_multiplo,,,,,Wright-Giemsa,
mieloma_multiplo_006,mieloma_multiplo,,,,,Wright-Giemsa,
mieloma_multiplo_007,mieloma_multiplo,,,,,Wright-Giemsa,
mieloma_multiplo_008,mieloma_multiplo,,,,,Wright-Giemsa,
mieloma_multiplo_009,mieloma_multiplo,,,,,Wright-Giemsa,
mieloma_multiplo_010,mieloma_multiplo,,,,,Wright-Giemsa,
mieloma_multiplo_011,mieloma_multiplo,,,,,Wright-Giemsa,
mieloma_multiplo_012,mieloma_multiplo,,,,,Wright-Giemsa,
mieloma_multiplo_013,mieloma_multiplo,,,,,Wright-Giemsa,
mieloma_multiplo_014,mieloma_multiplo,,,,,Wright-Giemsa,
mieloma_multiplo_015,mieloma_multiplo,,,,,Wright-Giemsa,
mieloma_multiplo_016,mieloma_multiplo,,,,,Wright-Giemsa,
mieloma_multiplo_017,mieloma_multiplo,,,,,Wright-Giemsa,
mieloma_multiplo_018,mieloma_multiplo,,,,,Wright-Giemsa,
mieloma_multiplo_019,mieloma_multiplo,,,,,Wright-Giemsa,
mieloma_multiplo_020,mieloma_multiplo,,,,,Wright-Giemsa,
policitemia_vera_001,policitemia_vera,,,,,Wright-Giemsa,
policitemia_vera_002,policitemia_vera,,,,,Wright-Giemsa,
policitemia_vera_003,policitemia_vera,,,,,Wright-Giemsa,
policitemia_vera_004,policitemia_vera,,,,,Wright-Giemsa,
policitemia_vera_005,policitemia_vera,,,,,Wright-Giemsa,
policitemia_vera_006,policitemia_vera,,,,,Wright-Giemsa,
policitemia_vera_007,policitemia_vera,,,,,Wright-Giemsa,
policitemia_vera_008,policitemia_vera,,,,,Wright-Giemsa,
policitemia_vera_009,policitemia_vera,,,,,Wright-Giemsa,
policitemia_vera_010,policitemia_vera,,,,,Wright-Giemsa,
policitemia_vera_011,policitemia_vera,,,,,Wright-Giemsa,
policitemia_vera_012,policitemia_vera,,,,,Wright-Giemsa,
policitemia_vera_013,policitemia_vera,,,,,Wright-Giemsa,
policitemia_vera_014,policitemia_vera,,,,,Wright-Giemsa,
policitemia_vera_015,policitemia_vera,,,,,Wright-Giemsa,
policitemia_vera_016,policitemia_vera,,,,,Wright-Giemsa,
policitemia_vera_017,policitemia_vera,,,,,Wright-Giemsa,
policitemia_vera_018,policitemia_vera,,,,,Wright-Giemsa,
policitemia_vera_019,policitemia_vera,,,,,Wright-Giemsa,
policitemia_vera_020,policitemia_vera,,,,,Wright-Giemsa,
medula_ossea_normal_001,medula_ossea_normal,,,,,Wright-Giemsa,
medula_ossea_normal_002,medula_ossea_normal,,,,,Wright-Giemsa,
medula_ossea_normal_003,medula_ossea_normal,,,,,Wright-Giemsa,
medula_ossea_normal_004,medula_ossea_normal,,,,,Wright-Giemsa,
medula_ossea_normal_005,medula_ossea_normal,,,,,Wright-Giemsa,
medula_ossea_normal_006,medula_ossea_normal,,,,,Wright-Giemsa,
medula_ossea_normal_007,medula_ossea_normal,,,,,Wright-Giemsa,
medula_ossea_normal_008,medula_ossea_normal,,,,,Wright-Giemsa,
medula_ossea_normal_009,medula_ossea_normal,,,,,Wright-Giemsa,
medula_ossea_normal_010,medula_ossea_normal,,,,,Wright-Giemsa,
medula_ossea_normal_011,medula_ossea_normal,,,,,Wright-Giemsa,
medula_ossea_normal_012,medula_ossea_normal,,,,,Wright-Giemsa,
medula_ossea_normal_013,medula_ossea_normal,,,,,Wright-Giemsa,
medula_ossea_normal_014,medula_ossea_normal,,,,,Wright-Giemsa,
medula_ossea_normal_015,medula_ossea_normal,,,,,Wright-Giemsa,
medula_ossea_normal_016,medula_ossea_normal,,,,,Wright-Giemsa,
medula_ossea_normal_017,medula_ossea_normal,,,,,Wright-Giemsa,
medula_ossea_normal_018,medula_ossea_normal,,,,,Wright-Giemsa,
medula_ossea_normal_019,medula_ossea_normal,,,,,Wright-Giemsa,
medula_ossea_normal_020,medula_ossea_normal,,,,,Wright-Giemsa,
medula_ossea_aplasica_001,medula_ossea_aplasica,,,,,Wright-Giemsa,
medula_ossea_aplasica_002,medula_ossea_aplasica,,,,,Wright-Giemsa,
medula_ossea_aplasica_003,medula_ossea_aplasica,,,,,Wright-Giemsa,
medula_ossea_aplasica_004,medula_ossea_aplasica,,,,,Wright-Giemsa,
medula_ossea_aplasica_005,medula_ossea_aplasica,,,,,Wright-Giemsa,
medula_ossea_aplasica_006,medula_ossea_aplasica,,,,,Wright-Giemsa,
medula_ossea_aplasica_007,medula_ossea_aplasica,,,,,Wright-Giemsa,
medula_ossea_aplasica_008,medula_ossea_aplasica,,,,,Wright-Giemsa,
medula_ossea_aplasica_009,medula_ossea_aplasica,,,,,Wright-Giemsa,
medula_ossea_aplasica_010,medula_ossea_aplasica,,,,,Wright-Giemsa,
medula_ossea_aplasica_011,medula_ossea_aplasica,,,,,Wright-Giemsa,
medula_ossea_aplasica_012,medula_ossea_aplasica,,,,,Wright-Giemsa,
medula_ossea_aplasica_013,medula_ossea_aplasica,,,,,Wright-Giemsa,
medula_ossea_aplasica_014,medula_ossea_aplasica,,,,,Wright-Giemsa,
medula_ossea_aplasica_015,medula_ossea_aplasica,,,,,Wright-Giemsa,
medula_ossea_aplasica_016,medula_ossea_aplasica,,,,,Wright-Giemsa,
medula_ossea_aplasica_017,medula_ossea_aplasica,,,,,Wright-Giemsa,
medula_ossea_aplasica_018,medula_ossea_aplasica,,,,,Wright-Giemsa,
medula_ossea_aplasica_019,medula_ossea_aplasica,,,,,Wright-Giemsa,
medula_ossea_aplasica_020,medula_ossea_aplasica,,,,,Wright-Giemsa,
medula_ossea_infiltrada_001,medula_ossea_infiltrada,,,,,Wright-Giemsa,
medula_ossea_infiltrada_002,medula_ossea_infiltrada,,,,,Wright-Giemsa,
medula_ossea_infiltrada_003,medula_ossea_infiltrada,,,,,Wright-Giemsa,
medula_ossea_infiltrada_004,medula_ossea_infiltrada,,,,,Wright-Giemsa,
medula_ossea_infiltrada_005,medula_ossea_infiltrada,,,,,Wright-Giemsa,
medula_ossea_infiltrada_006,medula_ossea_infiltrada,,,,,Wright-Giemsa,
medula_ossea_infiltrada_007,medula_ossea_infiltrada,,,,,Wright-Giemsa,
medula_ossea_infiltrada_008,medula_ossea_infiltrada,,,,,Wright-Giemsa,
medula_ossea_infiltrada_009,medula_ossea_infiltrada,,,,,Wright-Giemsa,
medula_ossea_infiltrada_010,medula_ossea_infiltrada,,,,,Wright-Giemsa,
medula_ossea_infiltrada_011,medula_ossea_infiltrada,,,,,Wright-Giemsa,
medula_ossea_infiltrada_012,medula_ossea_infiltrada,,,,,Wright-Giemsa,
medula_ossea_infiltrada_013,medula_ossea_infiltrada,,,,,Wright-Giemsa,
medula_ossea_infiltrada_014,medula_ossea_infiltrada,,,,,Wright-Giemsa,
medula_ossea_infiltrada_015,medula_ossea_infiltrada,,,,,Wright-Giemsa,
medula_ossea_infiltrada_016,medula_ossea_infiltrada,,,,,Wright-Giemsa,
medula_ossea_infiltrada_017,medula_ossea_infiltrada,,,,,Wright-Giemsa,
medula_ossea_infiltrada_018,medula_ossea_infiltrada,,,,,Wright-Giemsa,
medula_ossea_infiltrada_019,medula_ossea_infiltrada,,,,,Wright-Giemsa,
medula_ossea_infiltrada_020,medula_ossea_infiltrada,,,,,Wright-Giemsa,
